Reference, Quantity, Value, Footprint, Datasheet, Digikey, Part Number
C11 C10 ,2,22nF,Capacitor_SMD:C_0603_1608Metric,~,311-1370-1-ND,CC0603KRX7R9BB223
C12 C16 C6 C27 ,4,1uF,Capacitor_SMD:C_0402_1005Metric,~,311-1697-1-ND,"	‎CC0402KRX5R8BB104"
C14 C5 C37 C40 C31 C38 C41 C36 C46 C47 ,10,10uF,Capacitor_SMD:C_0603_1608Metric,~,490-18214-1-ND,"	‎GRM188R61E106KA73D"
C15 C4 C21 C13 C26 C34 C1 C29 C30 C33 C3 C2 ,12,0.1uF,Capacitor_SMD:C_0402_1005Metric,~,490-10698-1-ND,"	‎GRM155R71E104KE14D‎"
C17 ,1,680pF,Capacitor_SMD:C_0402_1005Metric,~,311-1030-1-ND,"	‎CC0402KRX7R9BB681"
C18 ,1,1nF,Capacitor_SMD:C_0603_1608Metric,~,311-1351-1-ND,"	‎CC0402JRX7R9BB102‎"
C20 C23 C24 ,3,100nF,Capacitor_SMD:C_1206_3216Metric,~,490-16315-1-ND,"	‎GRM31C5C2A104JA01L‎"
C22 ,1,22nF,Capacitor_SMD:C_0402_1005Metric,~,490-6360-1-ND,"	‎GRM155R71H223KA12J‎"
C25 ,1,68nF,Capacitor_SMD:C_1206_3216Metric,~,445-172675-1-ND,"	‎C3216C0G2A683J160AC"
C28 C32 ,2,22uF,Capacitor_SMD:C_1206_3216Metric,~,1276-3047-1-ND,"	‎CL31A226KAHNNNE"
C35 C39 C19 ,3,5.6nF,Capacitor_SMD:C_0603_1608Metric,~,445-180278-1-ND,"	‎C1608C0G2A562J080AE‎"
C42 ,1,0.1uF,Capacitor_SMD:C_0603_1608Metric,~,311-3567-1-ND,"	‎CC0603KPX7R9BB104‎"
C43 ,1,1uF,Capacitor_SMD:C_0603_1608Metric,~,1276-1102-1-ND,"	‎CL10A105KA8NNNC"
C44 ,1,4.7uF,Capacitor_SMD:C_0603_1608Metric,~,490-7203-1-ND,"	CAP CER 4.7UF 25V X5R 0603"
C45 ,1,100nF,Capacitor_SMD:C_0603_1608Metric,~,490-14571-1-ND,"	‎GRM033R61E104KE14J‎"
C48 ,1,15pF,Capacitor_SMD:C_0402_1005Metric,~,311-1649-1-ND,"	‎CC0402GRNPO9BN150‎"
C8 ,1,6.8nF,Capacitor_SMD:C_0402_1005Metric,~,490-17758-1-ND,"	‎GCM155R71E682KA37D‎"
C9 C7 ,2,56pF,Capacitor_SMD:C_0402_1005Metric,~,311-3734-1-ND,"	‎CC0402FRNPO9BN560"
CHG_LED1 ,1,GREEN,LED_SMD:LED_0603_1608Metric,~,732-4971-1-ND,"	‎150060GS75000"
D1 D2 ,2,BAV21W,Diode_SMD:D_SOD-123,~,BAV21W-7-F‎ ,"	‎BAV21W-7-F‎"
D3 ,1,MBR0530,Diode_SMD:D_SOD-123,http://www.mccsemi.com/up_pdf/MBR0520~MBR0580(SOD123).pdf,"	MBR0530T1GOSCT-ND","	‎MBR0530T1G"
FLT_LED1 ,1,RED,LED_SMD:LED_0603_1608Metric,~,732-4978-1-ND,"	‎150060RS75000"
Fan_12V1 ,1,Conn_01x02,Connector_PinHeader_2.54mm:PinHeader_1x02_P2.54mm_Vertical,~,DNP,
J1 ,1,Barrel_Jack_Switch,Custom:CUI_PJ-002AH,~,CP-002AH-ND,"	‎PJ-002AH"
J2 ,1,Pi_Receiver,Connector_PinHeader_2.54mm:PinHeader_2x03_P2.54mm_Vertical,~,"	S7071-ND","	‎PPTC032LFBN-RC‎ "
L1 ,1,4.7uH,Inductor_SMD:L_0603_1608Metric,~,490-12065-1-ND,"	‎LQM18PN4R7MFR"
L2 ,1,4.7uH,Inductor_SMD:L_1008_2520Metric,~,"	490-10651-1-ND","	‎DFE252012P-4R7M=P2‎"
LX1 LX2 ,2,MountingHole_Pad,TestPoint:TestPoint_THTPad_D1.5mm_Drill0.7mm,~,DNP,
Q4 Q1 Q3 Q2 ,4,DMG7430LFG,Custom:TRANS_DMP3017SFGQ-7_b,~,DMG7430LFG-7‎ ,"	‎DMG7430LFG-7"
Q6 ,1,SIA449DJ,Package_TO_SOT_SMD:Vishay_PowerPAK_SC70-6L_Single,http://www.vishay.com/docs/62864/sia453edj.pdf,SIA449DJ-T1-GE3CT-ND,"	‎SIA449DJ-T1-GE3‎"
Q7 Q5 Q8 ,3,2N7002,Package_TO_SOT_SMD:SOT-23,https://www.fairchildsemi.com/datasheets/2N/2N7002.pdf,2N7002KT1GOSCT-ND,"	‎2N7002KT1G"
Q9 ,1,NTR4003N,Package_TO_SOT_SMD:SOT-23,~,NTR4003NT1GOSCT-ND,"	‎NTR4003NT1G"
R11 R35 ,2,200K,Resistor_SMD:R_0603_1608Metric,~,"	311-200KHRCT-ND","	‎RC0603FR-07200KL"
R12 R10 ,2,390K,Resistor_SMD:R_0603_1608Metric,~,P390KGCT-ND,"	‎ERJ-3GEYJ394V‎"
R14 ,1,2.4K,Resistor_SMD:R_0402_1005Metric,~,P2.4KJCT-ND,"	‎ERJ-2GEJ242X"
R15 R21 ,2,10,Resistor_SMD:R_0402_1005Metric,~,"	P10.0LCT-ND","	‎ERJ-2RKF10R0X"
R17 ,1,17.8K,Resistor_SMD:R_0402_1005Metric,~,YAG3012CT-ND,"	‎RC0402FR-0717K8L"
R18 ,1,0.02,Resistor_SMD:R_0805_2012Metric,~,WSLA-.02CT-ND,"	‎WSL0805R0200FEA‎"
R29 R28 R27 R25 ,4,12,Resistor_SMD:R_0402_1005Metric,~,"	P12JCT-ND","	‎ERJ-2GEJ120X"
R30 R31 R8 R32 R26 ,5,100K,Resistor_SMD:R_0402_1005Metric,~,P100KJCT-ND,"	‎ERJ-2GEJ104X"
R33 ,1,3,Resistor_SMD:R_0805_2012Metric,~,311-3.00CRCT-ND,"	‎RC0805FR-073RL"
R34 ,1,100K,Resistor_SMD:R_0603_1608Metric,~,P100KHCT-ND,"	‎ERJ-3EKF1003V"
R36 R37 ,2,0.1,Resistor_SMD:R_0402_1005Metric,~,P17359CT-ND,"	‎ERJ-2BSJR10X‎"
R4 ,1,680,Resistor_SMD:R_0402_1005Metric,~,"	311-680JRCT-ND","	‎RC0402JR-07680RL"
R40 ,1,14.3K,Resistor_SMD:R_0402_1005Metric,~,"	311-14.3KHRCT-ND","	‎RC0603FR-0714K3L"
R44 ,1,15.8K,Resistor_SMD:R_0402_1005Metric,~,311-15.8KHRCT-ND,"	‎RC0603FR-0715K8L‎"
R45 ,1,220,Resistor_SMD:R_0805_2012Metric,~,"	311-220FRCT-ND","	‎RC1206FR-07220RL"
R48 R43 R20 R42 R41 R23 R6 R13 R16 R5 R2 R19 R22 ,13,10K,Resistor_SMD:R_0402_1005Metric,~,"	311-10.0KLRCT-ND","	‎RC0402FR-0710KL"
R7 R3 R1 R9 ,4,1K,Resistor_SMD:R_0402_1005Metric,~,"	311-1.0KJRCT-ND","	‎RC0402JR-071KL"
TH1 ,1,10K Thermistor,Resistor_SMD:R_0805_2012Metric,~,478-NB12K00103KBBCT-ND,"	‎NB12K00103KBB"
U1 ,1,P9242-R,Custom:QFN40P600X600X100-49N,"WPC 1.2.2 Compliant, Wireless Charging Transmitter for 15W Applications",,P9242-R
U2 ,1,AP63205,Package_TO_SOT_SMD:TSOT-23-6,,AP63205WU-7DICT-ND,"	‎AP63205WU-7"
U3 ,1,LMV331,Package_TO_SOT_SMD:SOT-23-5,http://www.ti.com/lit/ds/symlink/lmv331.pdf,296-6633-1-ND,"	‎LMV331IDBVR‎"
